year,additional_bus_stop_time,additional_travel_time
2017,2.078737,0.935338
2018,1.974035,0.767853
2019,2.407678,1.110827
2020,2.257264,0.173992
2021,2.873868,0.227701
2022,2.790826,0.674259
2023,2.695352,0.786603
2024,3.081756,0.941573
2025,2.779832,0.808098
